{"cameraMode":{"drawMode":0,"name":"Shaded","section":"Shading Mode"},"sceneLighting":false,"audioPlay":false,"sceneViewState":{"showFog":true,"showMaterialUpdate":false,"showSkybox":true,"showFlares":true,"showImageEffects":true,"showParticleSystems":true},"in2DMode":false,"pivot":{"x":-0.07407289743423462,"y":-1.9491591453552247,"z":4.7103271484375},"rotation":{"x":0.3549998998641968,"y":0.021038152277469636,"z":-0.007991335354745388,"w":0.9345954656600952},"size":7.240498065948486,"orthographic":false}