{"cameraMode":{"drawMode":0,"name":"Shaded","section":"Shading Mode"},"sceneLighting":false,"audioPlay":false,"sceneViewState":{"showFog":true,"showMaterialUpdate":false,"showSkybox":true,"showFlares":true,"showImageEffects":true,"showParticleSystems":true},"in2DMode":false,"pivot":{"x":-1.9077789783477784,"y":-6.815832614898682,"z":2.666517734527588},"rotation":{"x":-0.5780007839202881,"y":0.10691406577825546,"z":-0.0767337828874588,"w":-0.80535489320755},"size":15.364117622375489,"orthographic":false}