{"cameraMode":{"drawMode":0,"name":"Shaded","section":"Shading Mode"},"sceneLighting":false,"audioPlay":false,"sceneViewState":{"showFog":true,"showMaterialUpdate":false,"showSkybox":true,"showFlares":true,"showImageEffects":true,"showParticleSystems":true},"in2DMode":false,"pivot":{"x":5.501438617706299,"y":-0.19222164154052735,"z":-22.40081214904785},"rotation":{"x":-0.26584842801094057,"y":0.7228326797485352,"z":-0.5197544097900391,"w":-0.36972004175186159},"size":15.98186206817627,"orthographic":false}