{"cameraMode":{"drawMode":0,"name":"Shaded","section":"Shading Mode"},"sceneLighting":false,"audioPlay":false,"sceneViewState":{"showFog":true,"showMaterialUpdate":false,"showSkybox":true,"showFlares":true,"showImageEffects":true,"showParticleSystems":true},"in2DMode":false,"pivot":{"x":-1.000000238418579,"y":1.000000238418579,"z":-1.1920928955078126e-7},"rotation":{"x":0.40457072854042055,"y":0.07257802784442902,"z":-0.032232869416475299,"w":0.9110521674156189},"size":4.713343620300293,"orthographic":false}