{"cameraMode":{"drawMode":0,"name":"Shaded","section":"Shading Mode"},"sceneLighting":false,"audioPlay":false,"sceneViewState":{"showFog":true,"showMaterialUpdate":false,"showSkybox":true,"showFlares":true,"showImageEffects":true,"showParticleSystems":true},"in2DMode":false,"pivot":{"x":-0.5822442173957825,"y":-0.4678487777709961,"z":-2.9851179122924806},"rotation":{"x":0.001054189051501453,"y":-0.9859015345573425,"z":0.1672077625989914,"w":0.006216657813638449},"size":6.604649543762207,"orthographic":false}