{"cameraMode":{"drawMode":0,"name":"Shaded","section":"Shading Mode"},"sceneLighting":false,"audioPlay":false,"sceneViewState":{"showFog":true,"showMaterialUpdate":false,"showSkybox":true,"showFlares":true,"showImageEffects":true,"showParticleSystems":true},"in2DMode":false,"pivot":{"x":2.384185791015625e-7,"y":0.8000015020370483,"z":0.0},"rotation":{"x":-0.5149058103561401,"y":-0.0007777484133839607,"z":0.0004640671832021326,"w":-0.8572463393211365},"size":29.204545974731447,"orthographic":false}