{"cameraMode":{"drawMode":0,"name":"Shaded","section":"Shading Mode"},"sceneLighting":false,"audioPlay":false,"sceneViewState":{"showFog":true,"showMaterialUpdate":false,"showSkybox":true,"showFlares":true,"showImageEffects":true,"showParticleSystems":true},"in2DMode":false,"pivot":{"x":2.456716537475586,"y":-0.3075435161590576,"z":-0.5832599401473999},"rotation":{"x":0.09024606645107269,"y":0.9094357490539551,"z":-0.2993701994419098,"w":0.27415284514427187},"size":7.240498065948486,"orthographic":false}