{"cameraMode":{"drawMode":0,"name":"Shaded","section":"Shading Mode"},"sceneLighting":false,"audioPlay":false,"sceneViewState":{"showFog":true,"showMaterialUpdate":false,"showSkybox":true,"showFlares":true,"showImageEffects":true,"showParticleSystems":true},"in2DMode":false,"pivot":{"x":-0.09631568193435669,"y":0.3405951261520386,"z":0.30252742767333987},"rotation":{"x":-0.014133969321846962,"y":-0.9804214835166931,"z":0.07662849128246308,"w":-0.18083713948726655},"size":1.8619651794433594,"orthographic":false}