{"cameraMode":{"drawMode":0,"name":"Shaded","section":"Shading Mode"},"sceneLighting":false,"audioPlay":false,"sceneViewState":{"showFog":true,"showMaterialUpdate":false,"showSkybox":true,"showFlares":true,"showImageEffects":true,"showParticleSystems":true},"in2DMode":false,"pivot":{"x":0.13276898860931397,"y":-0.37468692660331728,"z":-0.3628090023994446},"rotation":{"x":-0.08112162351608277,"y":0.649959921836853,"z":-0.07008050382137299,"w":-0.7523697018623352},"size":5.000247001647949,"orthographic":false}