{"cameraMode":{"drawMode":0,"name":"Shaded","section":"Shading Mode"},"sceneLighting":false,"audioPlay":false,"sceneViewState":{"showFog":true,"showMaterialUpdate":false,"showSkybox":true,"showFlares":true,"showImageEffects":true,"showParticleSystems":true},"in2DMode":false,"pivot":{"x":-0.10000061988830567,"y":0.8000013828277588,"z":-0.09999960660934448},"rotation":{"x":0.40457072854042055,"y":0.07257802784442902,"z":-0.032232869416475299,"w":0.9110521674156189},"size":6.483479022979736,"orthographic":false}