{"cameraMode":{"drawMode":0,"name":"Shaded","section":"Shading Mode"},"sceneLighting":false,"audioPlay":false,"sceneViewState":{"showFog":true,"showMaterialUpdate":false,"showSkybox":true,"showFlares":true,"showImageEffects":true,"showParticleSystems":true},"in2DMode":false,"pivot":{"x":-2.5199999809265138,"y":0.47007498145103457,"z":-2.7899999618530275},"rotation":{"x":-0.2908376455307007,"y":-0.6478821039199829,"z":0.29470348358154299,"w":-0.6393842101097107},"size":2.6374008655548097,"orthographic":false}