{"cameraMode":{"drawMode":0,"name":"Shaded","section":"Shading Mode"},"sceneLighting":false,"audioPlay":false,"sceneViewState":{"showFog":true,"showMaterialUpdate":false,"showSkybox":true,"showFlares":true,"showImageEffects":true,"showParticleSystems":true},"in2DMode":false,"pivot":{"x":7.152557373046875e-7,"y":0.8000023365020752,"z":1.1920928955078126e-7},"rotation":{"x":-0.0796717181801796,"y":-0.7258774638175964,"z":0.08531681448221207,"w":-0.6778461337089539},"size":6.500260829925537,"orthographic":false}