{"cameraMode":{"drawMode":0,"name":"Shaded","section":"Shading Mode"},"sceneLighting":true,"audioPlay":false,"sceneViewState":{"showFog":true,"showMaterialUpdate":false,"showSkybox":true,"showFlares":true,"showImageEffects":true,"showParticleSystems":true},"in2DMode":false,"pivot":{"x":-3.2084717750549318,"y":-7.82034969329834,"z":6.444215774536133},"rotation":{"x":0.4063059389591217,"y":-0.2146005481481552,"z":0.09878410398960114,"w":0.8826686143875122},"size":14.45916748046875,"orthographic":false}