{"cameraMode":{"drawMode":0,"name":"Shaded","section":"Shading Mode"},"sceneLighting":false,"audioPlay":false,"sceneViewState":{"showFog":true,"showMaterialUpdate":false,"showSkybox":true,"showFlares":true,"showImageEffects":true,"showParticleSystems":true},"in2DMode":false,"pivot":{"x":1.1095361709594727,"y":-0.16159296035766602,"z":-1.6060402393341065},"rotation":{"x":0.09024606645107269,"y":0.9094357490539551,"z":-0.2993701994419098,"w":0.27415284514427187},"size":7.240498065948486,"orthographic":false}