{"cameraMode":{"drawMode":0,"name":"Shaded","section":"Shading Mode"},"sceneLighting":false,"audioPlay":false,"sceneViewState":{"showFog":true,"showMaterialUpdate":false,"showSkybox":true,"showFlares":true,"showImageEffects":true,"showParticleSystems":true},"in2DMode":false,"pivot":{"x":-0.09850203990936279,"y":1.2922449111938477,"z":1.254850149154663},"rotation":{"x":0.5168701410293579,"y":0.3502531051635742,"z":-0.24396416544914246,"w":0.7420576810836792},"size":4.713343620300293,"orthographic":false}