{"cameraMode":{"drawMode":0,"name":"Shaded","section":"Shading Mode"},"sceneLighting":false,"audioPlay":false,"sceneViewState":{"showFog":true,"showMaterialUpdate":false,"showSkybox":true,"showFlares":true,"showImageEffects":true,"showParticleSystems":true},"in2DMode":false,"pivot":{"x":0.8234593272209168,"y":-0.8095598220825195,"z":2.05621600151062},"rotation":{"x":-0.3109981119632721,"y":-0.03762512281537056,"z":0.012322303839027882,"w":-0.9495855569839478},"size":6.500260829925537,"orthographic":false}