{"cameraMode":{"drawMode":0,"name":"Shaded","section":"Shading Mode"},"sceneLighting":true,"audioPlay":false,"sceneViewState":{"showFog":true,"showMaterialUpdate":false,"showSkybox":true,"showFlares":true,"showImageEffects":true,"showParticleSystems":true},"in2DMode":false,"pivot":{"x":17.6387939453125,"y":-1.6559362411499024,"z":2.94661283493042},"rotation":{"x":-0.6335729956626892,"y":0.018562840297818185,"z":-0.015208643861114979,"w":-0.7733107209205627},"size":10.565155982971192,"orthographic":false}