{"cameraMode":{"drawMode":0,"name":"Shaded","section":"Shading Mode"},"sceneLighting":false,"audioPlay":false,"sceneViewState":{"showFog":true,"showMaterialUpdate":false,"showSkybox":true,"showFlares":true,"showImageEffects":true,"showParticleSystems":true},"in2DMode":false,"pivot":{"x":12.950000762939454,"y":0.8000023365020752,"z":-7.599999904632568},"rotation":{"x":-0.0796717181801796,"y":-0.7258774638175964,"z":0.08531681448221207,"w":-0.6778461337089539},"size":11.75097942352295,"orthographic":false}