{"cameraMode":{"drawMode":0,"name":"Shaded","section":"Shading Mode"},"sceneLighting":false,"audioPlay":false,"sceneViewState":{"showFog":true,"showMaterialUpdate":false,"showSkybox":true,"showFlares":true,"showImageEffects":true,"showParticleSystems":true},"in2DMode":false,"pivot":{"x":-0.5407941937446594,"y":0.23583126068115235,"z":0.17702484130859376},"rotation":{"x":0.02642326056957245,"y":-0.9570420980453491,"z":0.2735433280467987,"w":0.09244631230831146},"size":6.1469831466674809,"orthographic":false}