{"cameraMode":{"drawMode":0,"name":"Shaded","section":"Shading Mode"},"sceneLighting":false,"audioPlay":false,"sceneViewState":{"showFog":true,"showMaterialUpdate":false,"showSkybox":true,"showFlares":true,"showImageEffects":true,"showParticleSystems":true},"in2DMode":false,"pivot":{"x":-2.524899482727051,"y":-2.3236541748046877,"z":-8.459993362426758},"rotation":{"x":0.05023876205086708,"y":-0.9488534927368164,"z":0.2406647950410843,"w":0.19807478785514832},"size":12.637276649475098,"orthographic":false}