{"cameraMode":{"drawMode":0,"name":"Shaded","section":"Shading Mode"},"sceneLighting":true,"audioPlay":false,"sceneViewState":{"showFog":true,"showMaterialUpdate":false,"showSkybox":true,"showFlares":true,"showImageEffects":true,"showParticleSystems":true},"in2DMode":false,"pivot":{"x":6.450209617614746,"y":8.891573905944825,"z":-0.2782907485961914},"rotation":{"x":0.42821282148361208,"y":-0.37483859062194826,"z":0.20133261382579804,"w":0.7972421050071716},"size":16.806076049804689,"orthographic":false}