{"cameraMode":{"drawMode":32,"name":"UV Overlap","section":"Baked Global Illumination"},"sceneLighting":false,"audioPlay":false,"sceneViewState":{"showFog":true,"showMaterialUpdate":false,"showSkybox":true,"showFlares":true,"showImageEffects":true,"showParticleSystems":true},"in2DMode":false,"pivot":{"x":-1.1351473331451417,"y":-0.05453777313232422,"z":-13.361875534057618},"rotation":{"x":0.01495981402695179,"y":-0.9496870636940002,"z":0.3094560205936432,"w":0.045909564942121509},"size":11.062813758850098,"orthographic":false}