{"cameraMode":{"drawMode":0,"name":"Shaded","section":"Shading Mode"},"sceneLighting":false,"audioPlay":false,"sceneViewState":{"showFog":true,"showMaterialUpdate":false,"showSkybox":true,"showFlares":true,"showImageEffects":true,"showParticleSystems":true},"in2DMode":false,"pivot":{"x":3.053999900817871,"y":0.0,"z":3.8289999961853029},"rotation":{"x":-0.23060069978237153,"y":0.6476545929908752,"z":-0.21534495055675507,"w":-0.6935368776321411},"size":2.4722492694854738,"orthographic":false}