{"cameraMode":{"drawMode":0,"name":"Shaded","section":"Shading Mode"},"sceneLighting":false,"audioPlay":false,"sceneViewState":{"showFog":true,"showMaterialUpdate":false,"showSkybox":true,"showFlares":true,"showImageEffects":true,"showParticleSystems":true},"in2DMode":false,"pivot":{"x":-2.780759811401367,"y":-7.199669361114502,"z":15.742219924926758},"rotation":{"x":-0.5356339812278748,"y":-0.023302074521780015,"z":0.014787939377129078,"w":-0.8439991474151611},"size":12.899582862854004,"orthographic":false}