{"cameraMode":{"drawMode":0,"name":"Shaded","section":"Shading Mode"},"sceneLighting":false,"audioPlay":false,"sceneViewState":{"showFog":true,"showMaterialUpdate":false,"showSkybox":true,"showFlares":true,"showImageEffects":true,"showParticleSystems":true},"in2DMode":false,"pivot":{"x":16.747337341308595,"y":-1.613084077835083,"z":1.562934398651123},"rotation":{"x":0.4068262279033661,"y":-0.03971751034259796,"z":0.01770811155438423,"w":0.9124699831008911},"size":5.613343715667725,"orthographic":false}