{"cameraMode":{"drawMode":0,"name":"Shaded","section":"Shading Mode"},"sceneLighting":false,"audioPlay":false,"sceneViewState":{"showFog":true,"showMaterialUpdate":false,"showSkybox":true,"showFlares":true,"showImageEffects":true,"showParticleSystems":true},"in2DMode":false,"pivot":{"x":-1.5251996517181397,"y":0.1925809383392334,"z":-0.5878956317901611},"rotation":{"x":0.12451305985450745,"y":-0.8305575251579285,"z":0.20589441061019898,"w":0.5022730827331543},"size":4.31031608581543,"orthographic":false}