{"cameraMode":{"drawMode":0,"name":"Shaded","section":"Shading Mode"},"sceneLighting":false,"audioPlay":false,"sceneViewState":{"showFog":true,"showMaterialUpdate":false,"showSkybox":true,"showFlares":true,"showImageEffects":true,"showParticleSystems":true},"in2DMode":false,"pivot":{"x":678.5086059570313,"y":653.1624755859375,"z":25.6441650390625},"rotation":{"x":-0.031493622809648517,"y":-0.008995085954666138,"z":0.00028344985912553966,"w":-0.9994634389877319},"size":1337.80908203125,"orthographic":false}