{"cameraMode":{"drawMode":0,"name":"Shaded","section":"Shading Mode"},"sceneLighting":false,"audioPlay":false,"sceneViewState":{"showFog":true,"showMaterialUpdate":false,"showSkybox":true,"showFlares":true,"showImageEffects":true,"showParticleSystems":true},"in2DMode":false,"pivot":{"x":-10.037677764892579,"y":-2.8311614990234377,"z":1.341479778289795},"rotation":{"x":-0.23065872490406037,"y":-0.609468936920166,"z":0.1915406882762909,"w":-0.7339321970939636},"size":11.004402160644532,"orthographic":false}