{"cameraMode":{"drawMode":0,"name":"Shaded","section":"Shading Mode"},"sceneLighting":false,"audioPlay":false,"sceneViewState":{"showFog":true,"showMaterialUpdate":false,"showSkybox":true,"showFlares":true,"showImageEffects":true,"showParticleSystems":true},"in2DMode":false,"pivot":{"x":-0.10000097751617432,"y":0.8000013828277588,"z":-3.5762786865234377e-7},"rotation":{"x":-0.0796717181801796,"y":-0.7258774638175964,"z":0.08531681448221207,"w":-0.6778461337089539},"size":6.304649353027344,"orthographic":false}