{"cameraMode":{"drawMode":0,"name":"Shaded","section":"Shading Mode"},"sceneLighting":false,"audioPlay":false,"sceneViewState":{"showFog":true,"showMaterialUpdate":false,"showSkybox":true,"showFlares":true,"showImageEffects":true,"showParticleSystems":true},"in2DMode":false,"pivot":{"x":0.0,"y":0.8000014424324036,"z":-14.000001907348633},"rotation":{"x":0.6644662022590637,"y":-0.012329970486462117,"z":0.010966097936034203,"w":0.747136116027832},"size":20.551374435424806,"orthographic":false}