{"cameraMode":{"drawMode":0,"name":"Shaded","section":"Shading Mode"},"sceneLighting":false,"audioPlay":false,"sceneViewState":{"showFog":true,"showMaterialUpdate":false,"showSkybox":true,"showFlares":true,"showImageEffects":true,"showParticleSystems":true},"in2DMode":false,"pivot":{"x":0.0,"y":1.2500007152557374,"z":-8.00000286102295},"rotation":{"x":0.013315285556018353,"y":-0.9802953600883484,"z":0.18385697901248933,"w":0.07099563628435135},"size":10.209803581237793,"orthographic":false}