{"cameraMode":{"drawMode":0,"name":"Shaded","section":"Shading Mode"},"sceneLighting":false,"audioPlay":false,"sceneViewState":{"showFog":true,"showMaterialUpdate":false,"showSkybox":true,"showFlares":true,"showImageEffects":true,"showParticleSystems":true},"in2DMode":false,"pivot":{"x":5.679999828338623,"y":-0.19999997317790986,"z":3.8289999961853029},"rotation":{"x":-0.0796717181801796,"y":-0.7258774638175964,"z":0.08531681448221207,"w":-0.6778461337089539},"size":4.713343143463135,"orthographic":false}