{"cameraMode":{"drawMode":0,"name":"Shaded","section":"Shading Mode"},"sceneLighting":false,"audioPlay":false,"sceneViewState":{"showFog":true,"showMaterialUpdate":false,"showSkybox":true,"showFlares":true,"showImageEffects":true,"showParticleSystems":true},"in2DMode":false,"pivot":{"x":-0.563185453414917,"y":0.0613405704498291,"z":-0.04087066650390625},"rotation":{"x":-0.12218043208122254,"y":0.8025023937225342,"z":-0.1760876327753067,"w":-0.5568258166313171},"size":3.6471333503723146,"orthographic":false}